"No.","Channel Name","Receive Frequency","Transmit Frequency","Channel Type","Transmit Power","Band Width","CTCSS/DCS Decode","CTCSS/DCS Encode","Contact","Contact Call Type","Contact TG/DMR ID","Radio ID","Busy Lock/TX Permit","Squelch Mode","Optional Signal","DTMF ID","2Tone ID","5Tone ID","PTT ID","Color Code","Slot","Scan List","Receive Group List","PTT Prohibit","Reverse","Simplex TDMA","Slot Suit","AES Digital Encryption","Digital Encryption","Call Confirmation","Talk Around(Simplex)","Work Alone","Custom CTCSS","2TONE Decode","Ranging","Through Mode","APRS RX","Analog APRS PTT Mode","Digital APRS PTT Mode","APRS Report Type","Digital APRS Report Channel","Correct Frequency[Hz]","SMS Confirmation","Exclude channel from roaming","DMR MODE","DataACK Disable","R5toneBot","R5ToneEot","Auto Scan","Ana Aprs Mute","Send Talker Alias"
"1","CH-1 VHF VUCALL","145.50000","145.50000","A-Analog","Low","12.5K","Off","Off","All CALL","All Call","16777215","VU0AAA","Off","Carrier","Off","1","1","1","Off","1","1","None","None","Off","Off","Off","Off","Normal Encryption","Off","Off","Off","Off","251.1","1","Off","On","Off","Off","Off","Off","1","0","Off","0","0","0","0","0","0","0","0"
"2","CH-2 UHF VUCALL","435.50000","435.50000","A-Analog","Low","12.5K","Off","Off","All CALL","All Call","16777215","VU0AAA","Off","Carrier","Off","1","1","1","Off","1","1","None","None","Off","Off","Off","Off","Normal Encryption","Off","Off","Off","Off","251.1","1","Off","On","Off","Off","Off","Off","1","0","Off","0","0","0","0","0","0","0","0"
"3","CH-1 D-VHFS1","145.50000","145.50000","D-Digital","Low","12.5K","Off","Off","All CALL","All Call","16777215","VU0AAA","Always","Carrier","Off","1","1","1","Off","1","1","None","None","Off","Off","Off","Off","Normal Encryption","Off","Off","Off","Off","251.1","1","Off","On","Off","Off","Off","Off","1","0","Off","0","0","0","0","0","0","0","0"
"4","CH-2 D-VHFS2","145.50000","145.50000","D-Digital","Low","12.5K","Off","Off","All CALL","All Call","16777215","VU0AAA","Always","Carrier","Off","1","1","1","Off","1","2","None","None","Off","Off","Off","Off","Normal Encryption","Off","Off","Off","Off","251.1","1","Off","On","Off","Off","Off","Off","1","0","Off","0","0","0","0","0","0","0","0"
"5","CH-1 D-UHFS1","435.50000","435.50000","D-Digital","Low","12.5K","Off","Off","All CALL","All Call","16777215","VU0AAA","Always","Carrier","Off","1","1","1","Off","1","1","None","None","Off","Off","Off","Off","Normal Encryption","Off","Off","Off","Off","251.1","1","Off","On","Off","Off","Off","Off","1","0","Off","0","0","0","0","0","0","0","0"
"6","CH-2 D-UHFS2","435.50000","435.50000","D-Digital","Low","12.5K","Off","Off","All CALL","All Call","16777215","VU0AAA","Always","Carrier","Off","1","1","1","Off","1","2","None","None","Off","Off","Off","Off","Normal Encryption","Off","Off","Off","Off","251.1","1","Off","On","Off","Off","Off","Off","1","0","Off","0","0","0","0","0","0","0","0"
"7","AJI-Guntur","145.45000","144.85000","A-Analog","Low","12.5K","Off","Off","All CALL","All Call","16777215","VU0AAA","Off","Carrier","Off","1","1","1","Off","1","1","None","None","Off","Off","Off","Off","Normal Encryption","Off","Off","Off","Off","251.1","1","Off","On","Off","Off","Off","Off","1","0","Off","0","0","0","0","0","0","0","0"
"8","KDD-Vijayawada","145.55000","144.95000","A-Analog","Low","12.5K","Off","Off","All CALL","All Call","16777215","VU0AAA","Off","Carrier","Off","1","1","1","Off","1","1","None","None","Off","Off","Off","Off","Normal Encryption","Off","Off","Off","Off","251.1","1","Off","On","Off","Off","Off","Off","1","0","Off","0","0","0","0","0","0","0","0"
"9","VBR-Visakhapatna","145.40000","144.80000","A-Analog","Low","12.5K","Off","Off","All CALL","All Call","16777215","VU0AAA","Off","Carrier","Off","1","1","1","Off","1","2","None","None","Off","Off","Off","Off","Normal Encryption","Off","Off","Off","Off","251.1","1","Off","On","Off","Off","Off","Off","1","0","Off","0","0","0","0","0","0","0","0"
"10","RM-Eluru","145.60000","145.00000","A-Analog","Low","12.5K","Off","Off","All CALL","All Call","16777215","VU0AAA","Off","Carrier","Off","1","1","1","Off","1","1","None","None","Off","Off","Off","Off","Normal Encryption","Off","Off","Off","Off","251.1","1","Off","On","Off","Off","Off","Off","1","0","Off","0","0","0","0","0","0","0","0"
"11","MMP-Patna","145.00000","144.40000","A-Analog","Low","12.5K","Off","Off","All CALL","All Call","16777215","VU0AAA","Off","Carrier","Off","1","1","1","Off","1","2","None","None","Off","Off","Off","Off","Normal Encryption","Off","Off","Off","Off","251.1","1","Off","On","Off","Off","Off","Off","1","0","Off","0","0","0","0","0","0","0","0"
"12","FUN-Delhi","145.67000","145.07000","A-Analog","Low","12.5K","Off","Off","All CALL","All Call","16777215","VU0AAA","Off","Carrier","Off","1","1","1","Off","1","2","None","None","Off","Off","Off","Off","Normal Encryption","Off","Off","Off","Off","251.1","1","Off","On","Off","Off","Off","Off","1","0","Off","0","0","0","0","0","0","0","0"
"13","HUB-Delhi","435.67000","434.07000","A-Analog","Low","12.5K","Off","Off","All CALL","All Call","16777215","VU0AAA","Off","Carrier","Off","1","1","1","Off","1","2","None","None","Off","Off","Off","Off","Normal Encryption","Off","Off","Off","Off","251.1","1","Off","On","Off","Off","Off","Off","1","0","Off","0","0","0","0","0","0","0","0"
"14","RRG-Delhi","145.20000","145.80000","A-Analog","Low","12.5K","Off","Off","All CALL","All Call","16777215","VU0AAA","Off","Carrier","Off","1","1","1","Off","1","2","None","None","Off","Off","Off","Off","Normal Encryption","Off","Off","Off","Off","251.1","1","Off","On","Off","Off","Off","Off","1","0","Off","0","0","0","0","0","0","0","0"
"15","DGS-Delhi","434.90000","436.50000","A-Analog","Low","12.5K","Off","Off","All CALL","All Call","16777215","VU0AAA","Off","Carrier","Off","1","1","1","Off","1","2","None","None","Off","Off","Off","Off","Normal Encryption","Off","Off","Off","Off","251.1","1","Off","On","Off","Off","Off","Off","1","0","Off","0","0","0","0","0","0","0","0"
"16","DLR-Delhi","145.60000","145.00000","A-Analog","Low","12.5K","Off","Off","All CALL","All Call","16777215","VU0AAA","Off","Carrier","Off","1","1","1","Off","1","2","None","None","Off","Off","Off","Off","Normal Encryption","Off","Off","Off","Off","251.1","1","Off","On","Off","Off","Off","Off","1","0","Off","0","0","0","0","0","0","0","0"
"17","HUB-D1-ND","435.67000","434.07000","D-Digital","Low","12.5K","Off","Off","All CALL","All Call","16777215","VU0AAA","Always","Carrier","Off","1","1","1","Off","1","1","None","None","Off","Off","Off","Off","Normal Encryption","Off","Off","Off","Off","251.1","1","Off","On","Off","Off","Off","Off","1","0","Off","0","0","0","0","0","0","0","0"
"18","HUB-D2-ND","435.67000","434.07000","D-Digital","Low","12.5K","Off","Off","All CALL","All Call","16777215","VU0AAA","Always","Carrier","Off","1","1","1","Off","1","2","None","None","Off","Off","Off","Off","Normal Encryption","Off","Off","Off","Off","251.1","1","Off","On","Off","Off","Off","Off","1","0","Off","0","0","0","0","0","0","0","0"
"19","YCR-Ahmedabad","145.20000","144.60000","A-Analog","Low","12.5K","Off","Off","All CALL","All Call","16777215","VU0AAA","Off","Carrier","Off","1","1","1","Off","1","2","None","None","Off","Off","Off","Off","Normal Encryption","Off","Off","Off","Off","251.1","1","Off","On","Off","Off","Off","Off","1","0","Off","0","0","0","0","0","0","0","0"
"20","WDF-Gandhinagar","145.40000","144.80000","A-Analog","Low","12.5K","Off","Off","All CALL","All Call","16777215","VU0AAA","Off","Carrier","Off","1","1","1","Off","1","2","None","None","Off","Off","Off","Off","Normal Encryption","Off","Off","Off","Off","251.1","1","Off","On","Off","Off","Off","Off","1","0","Off","0","0","0","0","0","0","0","0"
"21","URP-Rajkot","144.25000","144.85000","A-Analog","Low","12.5K","Off","Off","All CALL","All Call","16777215","VU0AAA","Off","Carrier","Off","1","1","1","Off","1","2","None","None","Off","Off","Off","Off","Normal Encryption","Off","Off","Off","Off","251.1","1","Off","On","Off","Off","Off","Off","1","0","Off","0","0","0","0","0","0","0","0"
"22","IU-Bangalore","145.80000","145.20000","A-Analog","Low","12.5K","Off","Off","All CALL","All Call","16777215","VU0AAA","Off","Carrier","Off","1","1","1","Off","1","2","None","None","Off","Off","Off","Off","Normal Encryption","Off","Off","Off","Off","251.1","1","Off","On","Off","Off","Off","Off","1","0","Off","0","0","0","0","0","0","0","0"
"23","TWO-Bangalore","145.65000","145.05000","A-Analog","Low","12.5K","Off","Off","All CALL","All Call","16777215","VU0AAA","Off","Carrier","Off","1","1","1","Off","1","2","None","None","Off","Off","Off","Off","Normal Encryption","Off","Off","Off","Off","251.1","1","Off","On","Off","Off","Off","Off","1","0","Off","0","0","0","0","0","0","0","0"
"24","ZOI-Bangalore","434.05000","437.65000","A-Analog","Low","12.5K","Off","Off","All CALL","All Call","16777215","VU0AAA","Off","Carrier","Off","1","1","1","Off","1","2","None","None","Off","Off","Off","Off","Normal Encryption","Off","Off","Off","Off","251.1","1","Off","On","Off","Off","Off","Off","1","0","Off","0","0","0","0","0","0","0","0"
"25","ZO-S1Bangalore","145.27500","144.67500","D-Digital","Low","12.5K","Off","Off","Bangalore","Group Call","40480","VU0AAA","Always","Carrier","Off","1","1","1","Off","1","1","None","None","Off","Off","Off","Off","Normal Encryption","Off","Off","Off","Off","251.1","1","Off","On","Off","Off","Off","Off","1","0","Off","0","0","0","0","0","0","0","0"
"26","ZO-S2Bangalore","145.27500","144.67500","D-Digital","Low","12.5K","Off","Off","Bangalore","Group Call","40480","VU0AAA","Always","Carrier","Off","1","1","1","Off","1","2","None","None","Off","Off","Off","Off","Normal Encryption","Off","Off","Off","Off","251.1","1","Off","On","Off","Off","Off","Off","1","0","Off","0","0","0","0","0","0","0","0"
"27","RSB-Chikkaballap","145.70000","145.10000","A-Analog","Low","12.5K","Off","Off","All CALL","All Call","16777215","VU0AAA","Off","Carrier","Off","1","1","1","Off","1","2","None","None","Off","Off","Off","Off","Normal Encryption","Off","Off","Off","Off","251.1","1","Off","On","Off","Off","Off","Off","1","0","Off","0","0","0","0","0","0","0","0"
"28","CHQ-Chikmagalur","144.90000","144.30000","A-Analog","Low","12.5K","Off","Off","All CALL","All Call","16777215","VU0AAA","Off","Carrier","Off","1","1","1","Off","1","2","None","None","Off","Off","Off","Off","Normal Encryption","Off","Off","Off","Off","251.1","1","Off","On","Off","Off","Off","Off","1","0","Off","0","0","0","0","0","0","0","0"
"29","CIQ-Chikmagalur","434.05000","435.65000","A-Analog","Low","12.5K","Off","Off","All CALL","All Call","16777215","VU0AAA","Off","Carrier","Off","1","1","1","Off","1","2","None","None","Off","Off","Off","Off","Normal Encryption","Off","Off","Off","Off","251.1","1","Off","On","Off","Off","Off","Off","1","0","Off","0","0","0","0","0","0","0","0"
"30","NIW-Mangaluru","144.82500","145.42500","A-Analog","Low","12.5K","Off","Off","All CALL","All Call","16777215","VU0AAA","Off","Carrier","Off","1","1","1","Off","1","2","None","None","Off","Off","Off","Off","Normal Encryption","Off","Off","Off","Off","251.1","1","Off","On","Off","Off","Off","Off","1","0","Off","0","0","0","0","0","0","0","0"
"31","TRE-Mysuru","145.72500","145.12500","A-Analog","Low","12.5K","Off","Off","All CALL","All Call","16777215","VU0AAA","Off","Carrier","Off","1","1","1","Off","1","2","None","None","Off","Off","Off","Off","Normal Encryption","Off","Off","Off","Off","251.1","1","Off","On","Off","Off","Off","Off","1","0","Off","0","0","0","0","0","0","0","0"
"32","FAR-Idukki","145.17500","145.77500","A-Analog","Low","12.5K","Off","Off","All CALL","All Call","16777215","VU0AAA","Off","Carrier","Off","1","1","1","Off","1","2","None","None","Off","Off","Off","Off","Normal Encryption","Off","Off","Off","Off","251.1","1","Off","On","Off","Off","Off","Off","1","0","Off","0","0","0","0","0","0","0","0"
"33","HEN-Kattapana","145.10000","145.70000","A-Analog","Low","12.5K","Off","Off","All CALL","All Call","16777215","VU0AAA","Off","Carrier","Off","1","1","1","Off","1","2","None","None","Off","Off","Off","Off","Normal Encryption","Off","Off","Off","Off","251.1","1","Off","On","Off","Off","Off","Off","1","0","Off","0","0","0","0","0","0","0","0"
"34","CHN-Nadukani","145.60000","145.00000","A-Analog","Low","12.5K","Off","Off","All CALL","All Call","16777215","VU0AAA","Off","Carrier","Off","1","1","1","Off","1","2","None","None","Off","Off","Off","Off","Normal Encryption","Off","Off","Off","Off","251.1","1","Off","On","Off","Off","Off","Off","1","0","Off","0","0","0","0","0","0","0","0"
"35","WSV-Idukki","145.55000","144.95000","A-Analog","Low","12.5K","Off","Off","All CALL","All Call","16777215","VU0AAA","Off","Carrier","Off","1","1","1","Off","1","1","None","None","Off","Off","Off","Off","Normal Encryption","Off","Off","Off","Off","251.1","1","Off","On","Off","Off","Off","Off","1","0","Off","0","0","0","0","0","0","0","0"
"36","MWM-Kannur","145.67500","145.07500","A-Analog","Low","12.5K","Off","Off","All CALL","All Call","16777215","VU0AAA","Off","Carrier","Off","1","1","1","Off","1","1","None","None","Off","Off","Off","Off","Normal Encryption","Off","Off","Off","Off","251.1","1","Off","On","Off","Off","Off","Off","1","0","Off","0","0","0","0","0","0","0","0"
"37","CSD-Kollam","145.35000","144.75000","A-Analog","Low","12.5K","Off","Off","All CALL","All Call","16777215","VU0AAA","Off","Carrier","Off","1","1","1","Off","1","2","None","None","Off","Off","Off","Off","Normal Encryption","Off","Off","Off","Off","251.1","1","Off","On","Off","Off","Off","Off","1","0","Off","0","0","0","0","0","0","0","0"
"38","GCC-Kollam","145.20000","144.60000","A-Analog","Low","12.5K","Off","114.8","All CALL","All Call","16777215","VU0AAA","Off","Carrier","Off","1","1","1","Off","1","2","None","None","Off","Off","Off","Off","Normal Encryption","Off","Off","Off","Off","251.1","1","Off","On","Off","Off","Off","Off","1","0","Off","0","0","0","0","0","0","0","0"
"39","IP-Pala","145.26500","144.66500","A-Analog","Low","12.5K","Off","Off","All CALL","All Call","16777215","VU0AAA","Off","Carrier","Off","1","1","1","Off","1","2","None","None","Off","Off","Off","Off","Normal Encryption","Off","Off","Off","Off","251.1","1","Off","On","Off","Off","Off","Off","1","0","Off","0","0","0","0","0","0","0","0"
"40","TTD-Thodupuzha","145.30000","144.70000","A-Analog","Low","12.5K","Off","Off","All CALL","All Call","16777215","VU0AAA","Off","Carrier","Off","1","1","1","Off","1","2","None","None","Off","Off","Off","Off","Normal Encryption","Off","Off","Off","Off","251.1","1","Off","On","Off","Off","Off","Off","1","0","Off","0","0","0","0","0","0","0","0"
"41","CSR-Kozhikode","145.62500","145.02500","A-Analog","Low","12.5K","Off","Off","All CALL","All Call","16777215","VU0AAA","Off","Carrier","Off","1","1","1","Off","1","2","None","None","Off","Off","Off","Off","Normal Encryption","Off","Off","Off","Off","251.1","1","Off","On","Off","Off","Off","Off","1","0","Off","0","0","0","0","0","0","0","0"
"42","EDJ-Vatakara","145.82500","144.22500","A-Analog","Low","12.5K","Off","Off","All CALL","All Call","16777215","VU0AAA","Off","Carrier","Off","1","1","1","Off","1","2","None","None","Off","Off","Off","Off","Normal Encryption","Off","Off","Off","Off","251.1","1","Off","On","Off","Off","Off","Off","1","0","Off","0","0","0","0","0","0","0","0"
"43","MJJ-Malappuram","145.45000","144.85000","A-Analog","Low","12.5K","Off","Off","All CALL","All Call","16777215","VU0AAA","Off","Carrier","Off","1","1","1","Off","1","2","None","None","Off","Off","Off","Off","Normal Encryption","Off","Off","Off","Off","251.1","1","Off","On","Off","Off","Off","Off","1","0","Off","0","0","0","0","0","0","0","0"
"44","BCM-Palakkad","145.65000","145.05000","A-Analog","Low","12.5K","Off","Off","All CALL","All Call","16777215","VU0AAA","Off","Carrier","Off","1","1","1","Off","1","2","None","None","Off","Off","Off","Off","Normal Encryption","Off","Off","Off","Off","251.1","1","Off","On","Off","Off","Off","Off","1","0","Off","0","0","0","0","0","0","0","0"
"45","DFD-Pathanamthit","144.47500","145.07500","A-Analog","Low","12.5K","Off","Off","All CALL","All Call","16777215","VU0AAA","Off","Carrier","Off","1","1","1","Off","1","2","None","None","Off","Off","Off","Off","Normal Encryption","Off","Off","Off","Off","251.1","1","Off","On","Off","Off","Off","Off","1","0","Off","0","0","0","0","0","0","0","0"
"46","IAC-Thrissur","144.82500","144.22500","A-Analog","Low","12.5K","Off","Off","All CALL","All Call","16777215","VU0AAA","Off","Carrier","Off","1","1","1","Off","1","2","None","None","Off","Off","Off","Off","Normal Encryption","Off","Off","Off","Off","251.1","1","Off","On","Off","Off","Off","Off","1","0","Off","0","0","0","0","0","0","0","0"
"47","XT-Trivandrum","145.60000","145.00000","A-Analog","Low","12.5K","Off","88.5","All CALL","All Call","16777215","VU0AAA","Off","Carrier","Off","1","1","1","Off","1","2","None","None","Off","Off","Off","Off","Normal Encryption","Off","Off","Off","Off","251.1","1","Off","On","Off","Off","Off","Off","1","0","Off","0","0","0","0","0","0","0","0"
"48","YSR-Trivandrum","145.22500","144.62500","A-Analog","Low","12.5K","Off","Off","All CALL","All Call","16777215","VU0AAA","Off","Carrier","Off","1","1","1","Off","1","2","None","None","Off","Off","Off","Off","Normal Encryption","Off","Off","Off","Off","251.1","1","Off","On","Off","Off","Off","Off","1","0","Off","0","0","0","0","0","0","0","0"
"49","RFF-Wynad","144.14500","144.74500","A-Analog","Low","12.5K","Off","Off","All CALL","All Call","16777215","VU0AAA","Off","Carrier","Off","1","1","1","Off","1","2","None","None","Off","Off","Off","Off","Normal Encryption","Off","Off","Off","Off","251.1","1","Off","On","Off","Off","Off","Off","1","0","Off","0","0","0","0","0","0","0","0"
"50","MEP-Erranakulam","144.80000","144.20000","A-Analog","Low","12.5K","Off","Off","All CALL","All Call","16777215","VU0AAA","Off","Carrier","Off","1","1","1","Off","1","2","None","None","Off","Off","Off","Off","Normal Encryption","Off","Off","Off","Off","251.1","1","Off","On","Off","Off","Off","Off","1","0","Off","0","0","0","0","0","0","0","0"
"51","TWC-Thissur","144.20000","144.80000","A-Analog","Low","12.5K","Off","Off","All CALL","All Call","16777215","VU0AAA","Off","Carrier","Off","1","1","1","Off","1","2","None","None","Off","Off","Off","Off","Normal Encryption","Off","Off","Off","Off","251.1","1","Off","On","Off","Off","Off","Off","1","0","Off","0","0","0","0","0","0","0","0"
"52","GWR-Gwalior","145.00000","145.60000","A-Analog","Low","12.5K","Off","Off","All CALL","All Call","16777215","VU0AAA","Off","Carrier","Off","1","1","1","Off","1","2","None","None","Off","Off","Off","Off","Normal Encryption","Off","Off","Off","Off","251.1","1","Off","On","Off","Off","Off","Off","1","0","Off","0","0","0","0","0","0","0","0"
"53","BBB- Mumbai","145.00000","145.60000","A-Analog","Low","12.5K","Off","Off","All CALL","All Call","16777215","VU0AAA","Off","Carrier","Off","1","1","1","Off","1","1","None","None","Off","Off","Off","Off","Normal Encryption","Off","Off","Off","Off","251.1","1","Off","On","Off","Off","Off","Off","1","0","Off","0","0","0","0","0","0","0","0"
"54","BPB-W.Mumbai","145.40000","144.80000","A-Analog","Low","12.5K","Off","Off","All CALL","All Call","16777215","VU0AAA","Off","Carrier","Off","1","1","1","Off","1","2","None","None","Off","Off","Off","Off","Normal Encryption","Off","Off","Off","Off","251.1","1","Off","On","Off","Off","Off","Off","1","0","Off","0","0","0","0","0","0","0","0"
"55","ST-S.Mumbai","144.10000","144.70000","A-Analog","Low","12.5K","Off","Off","All CALL","All Call","16777215","VU0AAA","Off","Carrier","Off","1","1","1","Off","1","1","None","None","Off","Off","Off","Off","Normal Encryption","Off","Off","Off","Off","251.1","1","Off","On","Off","Off","Off","Off","1","0","Off","0","0","0","0","0","0","0","0"
"56","ETD-Pune","144.80000","144.20000","A-Analog","Low","12.5K","Off","Off","All CALL","All Call","16777215","VU0AAA","Off","Carrier","Off","1","1","1","Off","1","1","None","None","Off","Off","Off","Off","Normal Encryption","Off","Off","Off","Off","251.1","1","Off","On","Off","Off","Off","Off","1","0","Off","0","0","0","0","0","0","0","0"
"57","PHA-Pune","145.10000","145.70000","A-Analog","Low","12.5K","Off","Off","All CALL","All Call","16777215","VU0AAA","Off","Carrier","Off","1","1","1","Off","1","2","None","None","Off","Off","Off","Off","Normal Encryption","Off","Off","Off","Off","251.1","1","Off","On","Off","Off","Off","Off","1","0","Off","0","0","0","0","0","0","0","0"
"58","SZA-Pune","145.00000","144.90000","A-Analog","Low","12.5K","Off","Off","All CALL","All Call","16777215","VU0AAA","Off","Carrier","Off","1","1","1","Off","1","2","None","None","Off","Off","Off","Off","Normal Encryption","Off","Off","Off","Off","251.1","1","Off","On","Off","Off","Off","Off","1","0","Off","0","0","0","0","0","0","0","0"
"59","DYW-Pune","434.10000","435.70000","A-Analog","Low","12.5K","Off","Off","All CALL","All Call","16777215","VU0AAA","Off","Carrier","Off","1","1","1","Off","1","2","None","None","Off","Off","Off","Off","Normal Encryption","Off","Off","Off","Off","251.1","1","Off","On","Off","Off","Off","Off","1","0","Off","0","0","0","0","0","0","0","0"
"60","EQG-Pune","145.50000","144.90000","A-Analog","Low","12.5K","Off","Off","All CALL","All Call","16777215","VU0AAA","Off","Carrier","Off","1","1","1","Off","1","2","None","None","Off","Off","Off","Off","Normal Encryption","Off","Off","Off","Off","251.1","1","Off","On","Off","Off","Off","Off","1","0","Off","0","0","0","0","0","0","0","0"
"61","WMF-Sironi","145.60000","145.00000","A-Analog","Low","12.5K","Off","Off","All CALL","All Call","16777215","VU0AAA","Off","Carrier","Off","1","1","1","Off","1","2","None","None","Off","Off","Off","Off","Normal Encryption","Off","Off","Off","Off","251.1","1","Off","On","Off","Off","Off","Off","1","0","Off","0","0","0","0","0","0","0","0"
"62","EBU-Sironi","434.20000","435.80000","D-Digital","Low","12.5K","Off","Off","All CALL","All Call","16777215","VU0AAA","Always","Carrier","Off","1","1","1","Off","1","2","None","None","Off","Off","Off","Off","Normal Encryption","Off","Off","Off","Off","251.1","1","Off","On","Off","Off","Off","Off","1","0","Off","0","0","0","0","0","0","0","0"
"63","LHS-Chennai","145.55000","144.95000","A-Analog","Low","12.5K","Off","Off","All CALL","All Call","16777215","VU0AAA","Off","Carrier","Off","1","1","1","Off","1","1","None","None","Off","Off","Off","Off","Normal Encryption","Off","Off","Off","Off","251.1","1","Off","On","Off","Off","Off","Off","1","0","Off","0","0","0","0","0","0","0","0"
"64","MRR-Chennai","145.77500","145.17500","A-Analog","Low","12.5K","Off","Off","All CALL","All Call","16777215","VU0AAA","Off","Carrier","Off","1","1","1","Off","1","2","None","None","Off","Off","Off","Off","Normal Encryption","Off","Off","Off","Off","251.1","1","Off","On","Off","Off","Off","Off","1","0","Off","0","0","0","0","0","0","0","0"
"65","PUM-Chennai","145.60000","145.00000","A-Analog","Low","12.5K","Off","Off","All CALL","All Call","16777215","VU0AAA","Off","Carrier","Off","1","1","1","Off","1","2","None","None","Off","Off","Off","Off","Normal Encryption","Off","Off","Off","Off","251.1","1","Off","On","Off","Off","Off","Off","1","0","Off","0","0","0","0","0","0","0","0"
"66","MVR-Chennai","145.67500","145.07500","A-Analog","Low","12.5K","Off","Off","All CALL","All Call","16777215","VU0AAA","Off","Carrier","Off","1","1","1","Off","1","2","None","None","Off","Off","Off","Off","Normal Encryption","Off","Off","Off","Off","251.1","1","Off","On","Off","Off","Off","Off","1","0","Off","0","0","0","0","0","0","0","0"
"67","RPT-Coimbatore","145.80000","145.20000","A-Analog","Low","12.5K","Off","Off","All CALL","All Call","16777215","VU0AAA","Off","Carrier","Off","1","1","1","Off","1","2","None","None","Off","Off","Off","Off","Normal Encryption","Off","Off","Off","Off","251.1","1","Off","On","Off","Off","Off","Off","1","0","Off","0","0","0","0","0","0","0","0"
"68","DND-Kavarakal","144.93000","145.53000","A-Analog","Low","12.5K","Off","Off","All CALL","All Call","16777215","VU0AAA","Off","Carrier","Off","1","1","1","Off","1","2","None","None","Off","Off","Off","Off","Normal Encryption","Off","Off","Off","Off","251.1","1","Off","On","Off","Off","Off","Off","1","0","Off","0","0","0","0","0","0","0","0"
"69","KOD-Kodaikanal","145.15000","144.55000","A-Analog","Low","12.5K","Off","Off","All CALL","All Call","16777215","VU0AAA","Off","Carrier","Off","1","1","1","Off","1","2","None","None","Off","Off","Off","Off","Normal Encryption","Off","Off","Off","Off","251.1","1","Off","On","Off","Off","Off","Off","1","0","Off","0","0","0","0","0","0","0","0"
"70","UDT-Udumalpet","144.90000","144.30000","A-Analog","Low","12.5K","Off","Off","All CALL","All Call","16777215","VU0AAA","Off","Carrier","Off","1","1","1","Off","1","2","None","None","Off","Off","Off","Off","Normal Encryption","Off","Off","Off","Off","251.1","1","Off","On","Off","Off","Off","Off","1","0","Off","0","0","0","0","0","0","0","0"
"71","EOD-Erode","145.37500","144.77500","A-Analog","Low","12.5K","Off","Off","All CALL","All Call","16777215","VU0AAA","Off","Carrier","Off","1","1","1","Off","1","2","None","None","Off","Off","Off","Off","Normal Encryption","Off","Off","Off","Off","251.1","1","Off","On","Off","Off","Off","Off","1","0","Off","0","0","0","0","0","0","0","0"
"72","LEU-Kanyakumari","145.85000","145.25000","A-Analog","Low","12.5K","Off","Off","All CALL","All Call","16777215","VU0AAA","Off","Carrier","Off","1","1","1","Off","1","2","None","None","Off","Off","Off","Off","Normal Encryption","Off","Off","Off","Off","251.1","1","Off","On","Off","Off","Off","Off","1","0","Off","0","0","0","0","0","0","0","0"
"73","TCD-Namakkal","145.12500","145.72500","A-Analog","Low","12.5K","Off","Off","All CALL","All Call","16777215","VU0AAA","Off","Carrier","Off","1","1","1","Off","1","2","None","None","Off","Off","Off","Off","Normal Encryption","Off","Off","Off","Off","251.1","1","Off","On","Off","Off","Off","Off","1","0","Off","0","0","0","0","0","0","0","0"
"74","CPI-Yercaud","145.85000","145.25000","A-Analog","Low","12.5K","Off","Off","All CALL","All Call","16777215","VU0AAA","Off","Carrier","Off","1","1","1","Off","1","2","None","None","Off","Off","Off","Off","Normal Encryption","Off","Off","Off","Off","251.1","1","Off","On","Off","Off","Off","Off","1","0","Off","0","0","0","0","0","0","0","0"
"75","RMY-Virudhunagar","145.60000","145.00000","A-Analog","Low","12.5K","Off","Off","All CALL","All Call","16777215","VU0AAA","Off","Carrier","Off","1","1","1","Off","1","2","None","None","Off","Off","Off","Off","Normal Encryption","Off","Off","Off","Off","251.1","1","Off","On","Off","Off","Off","Off","1","0","Off","0","0","0","0","0","0","0","0"
"76","XIS-Chennai","145.37500","145.77500","A-Analog","Low","12.5K","Off","Off","All CALL","All Call","16777215","VU0AAA","Off","Carrier","Off","1","1","1","Off","1","2","None","None","Off","Off","Off","Off","Normal Encryption","Off","Off","Off","Off","251.1","1","Off","On","Off","Off","Off","Off","1","0","Off","0","0","0","0","0","0","0","0"
"77","VGC-Chennai","145.57500","144.97500","A-Analog","Low","12.5K","Off","Off","All CALL","All Call","16777215","VU0AAA","Off","Carrier","Off","1","1","1","Off","1","2","None","None","Off","Off","Off","Off","Normal Encryption","Off","Off","Off","Off","251.1","1","Off","On","Off","Off","Off","Off","1","0","Off","0","0","0","0","0","0","0","0"
"78","AOT-Coimbatore","145.75000","145.15000","A-Analog","Low","12.5K","Off","Off","All CALL","All Call","16777215","VU0AAA","Off","Carrier","Off","1","1","1","Off","1","2","None","None","Off","Off","Off","Off","Normal Encryption","Off","Off","Off","Off","251.1","1","Off","On","Off","Off","Off","Off","1","0","Off","0","0","0","0","0","0","0","0"
"79","IRT-Nilgiris","144.97500","144.37500","A-Analog","Low","12.5K","Off","Off","All CALL","All Call","16777215","VU0AAA","Off","Carrier","Off","1","1","1","Off","1","2","None","None","Off","Off","Off","Off","Normal Encryption","Off","Off","Off","Off","251.1","1","Off","On","Off","Off","Off","Off","1","0","Off","0","0","0","0","0","0","0","0"
"80","ECS-Ramanathapur","145.55000","144.95000","A-Analog","Low","12.5K","Off","Off","All CALL","All Call","16777215","VU0AAA","Off","Carrier","Off","1","1","1","Off","1","2","None","None","Off","Off","Off","Off","Normal Encryption","Off","Off","Off","Off","251.1","1","Off","On","Off","Off","Off","Off","1","0","Off","0","0","0","0","0","0","0","0"
"81","POC-Yercaud","434.95000","433.35000","A-Analog","Low","12.5K","Off","Off","All CALL","All Call","16777215","VU0AAA","Off","Carrier","Off","1","1","1","Off","1","2","None","None","Off","Off","Off","Off","Normal Encryption","Off","Off","Off","Off","251.1","1","Off","On","Off","Off","Off","Off","1","0","Off","0","0","0","0","0","0","0","0"
"82","YCD-Salem","145.55000","144.95000","A-Analog","Low","12.5K","Off","Off","All CALL","All Call","16777215","VU0AAA","Off","Carrier","Off","1","1","1","Off","1","2","None","None","Off","Off","Off","Off","Normal Encryption","Off","Off","Off","Off","251.1","1","Off","On","Off","Off","Off","Off","1","0","Off","0","0","0","0","0","0","0","0"
"83","TJR-Thanjavur","145.85000","145.25000","A-Analog","Low","12.5K","Off","Off","All CALL","All Call","16777215","VU0AAA","Off","Carrier","Off","1","1","1","Off","1","2","None","None","Off","Off","Off","Off","Normal Encryption","Off","Off","Off","Off","251.1","1","Off","On","Off","Off","Off","Off","1","0","Off","0","0","0","0","0","0","0","0"
"84","KJO-Thoothukudi","145.67500","145.07500","A-Analog","Low","12.5K","Off","Off","All CALL","All Call","16777215","VU0AAA","Off","Carrier","Off","1","1","1","Off","1","2","None","None","Off","Off","Off","Off","Normal Encryption","Off","Off","Off","Off","251.1","1","Off","On","Off","Off","Off","Off","1","0","Off","0","0","0","0","0","0","0","0"
"85","VCM-Vellore","145.47500","144.87500","A-Analog","Low","12.5K","Off","Off","All CALL","All Call","16777215","VU0AAA","Off","Carrier","Off","1","1","1","Off","1","2","None","None","Off","Off","Off","Off","Normal Encryption","Off","Off","Off","Off","251.1","1","Off","On","Off","Off","Off","Off","1","0","Off","0","0","0","0","0","0","0","0"
"86","LHR-Hyderabad","145.60000","145.00000","A-Analog","Low","12.5K","Off","Off","All CALL","All Call","16777215","VU0AAA","Off","Carrier","Off","1","1","1","Off","1","1","None","None","Off","Off","Off","Off","Normal Encryption","Off","Off","Off","Off","251.1","1","Off","On","Off","Off","Off","Off","1","0","Off","0","0","0","0","0","0","0","0"
"87","SDZ-NIAR HYD","144.72000","145.32000","A-Analog","Low","12.5K","Off","Off","All CALL","All Call","16777215","VU0AAA","Off","Carrier","Off","1","1","1","Off","1","2","None","None","Off","Off","Off","Off","Normal Encryption","Off","Off","Off","Off","251.1","1","Off","On","Off","Off","Off","Off","1","0","Off","0","0","0","0","0","0","0","0"
"88","DLR-Noida","145.60000","145.00000","A-Analog","Low","12.5K","Off","Off","All CALL","All Call","16777215","VU0AAA","Off","Carrier","Off","1","1","1","Off","1","2","None","None","Off","Off","Off","Off","Normal Encryption","Off","Off","Off","Off","251.1","1","Off","On","Off","Off","Off","Off","1","0","Off","0","0","0","0","0","0","0","0"
"89","TRJ-Agartala","144.72500","144.12500","A-Analog","Low","12.5K","Off","Off","All CALL","All Call","16777215","VU0AAA","Off","Carrier","Off","1","1","1","Off","1","2","None","None","Off","Off","Off","Off","Normal Encryption","Off","Off","Off","Off","251.1","1","Off","On","Off","Off","Off","Off","1","0","Off","0","0","0","0","0","0","0","0"
"90","WBR-Kolkata","145.00000","144.40000","A-Analog","Low","12.5K","Off","Off","All CALL","All Call","16777215","VU0AAA","Off","Carrier","Off","1","1","1","Off","1","2","None","None","Off","Off","Off","Off","Normal Encryption","Off","Off","Off","Off","251.1","1","Off","On","Off","Off","Off","Off","1","0","Off","0","0","0","0","0","0","0","0"
"91","CVH-Kolkata","145.65000","145.05000","A-Analog","Low","12.5K","Off","Off","All CALL","All Call","16777215","VU0AAA","Off","Carrier","Off","1","1","1","Off","1","2","None","None","Off","Off","Off","Off","Normal Encryption","Off","Off","Off","Off","251.1","1","Off","On","Off","Off","Off","Off","1","0","Off","0","0","0","0","0","0","0","0"
"92","CVN-Kolkata","145.85000","434.50000","A-Analog","Low","12.5K","Off","Off","All CALL","All Call","16777215","VU0AAA","Off","Carrier","Off","1","1","1","Off","1","2","None","None","Off","Off","Off","Off","Normal Encryption","Off","Off","Off","Off","251.1","1","Off","On","Off","Off","Off","Off","1","0","Off","0","0","0","0","0","0","0","0"
"93","IWR-Kolkata","145.32500","144.72500","A-Analog","Low","12.5K","Off","Off","All CALL","All Call","16777215","VU0AAA","Off","Carrier","Off","1","1","1","Off","1","2","None","None","Off","Off","Off","Off","Normal Encryption","Off","Off","Off","Off","251.1","1","Off","On","Off","Off","Off","Off","1","0","Off","0","0","0","0","0","0","0","0"
"94","ISS APRS","145.82500","145.82500","A-Analog","Low","12.5K","Off","Off","All CALL","All Call","16777215","VU0AAA","Off","Carrier","Off","1","1","1","Off","1","2","None","None","Off","Off","Off","Off","Normal Encryption","Off","Off","Off","Off","251.1","1","Off","On","Off","Off","Off","Off","1","0","Off","0","0","0","0","0","0","0","0"
"95","ISS Repeater","437.80000","145.99000","A-Analog","Low","12.5K","Off","67.0","All CALL","All Call","16777215","VU0AAA","Off","Carrier","Off","1","1","1","Off","1","2","None","None","Off","Off","Off","Off","Normal Encryption","Off","Off","Off","Off","251.1","1","Off","On","Off","Off","Off","Off","1","0","Off","0","0","0","0","0","0","0","0"
"96","AO-91","145.96000","435.25000","A-Analog","Low","12.5K","Off","67.0","All CALL","All Call","16777215","VU0AAA","Off","Carrier","Off","1","1","1","Off","1","2","None","None","Off","Off","Off","Off","Normal Encryption","Off","Off","Off","Off","251.1","1","Off","On","Off","Off","Off","Off","1","0","Off","0","0","0","0","0","0","0","0"
"97","IO-86","435.88000","145.88000","A-Analog","Low","12.5K","Off","88.5","All CALL","All Call","16777215","VU0AAA","Off","Carrier","Off","1","1","1","Off","1","2","None","None","Off","Off","Off","Off","Normal Encryption","Off","Off","Off","Off","251.1","1","Off","On","Off","Off","Off","Off","1","0","Off","0","0","0","0","0","0","0","0"
"98","PO-101","145.90000","437.50000","A-Analog","Low","12.5K","Off","141.3","All CALL","All Call","16777215","VU0AAA","Off","Carrier","Off","1","1","1","Off","1","2","None","None","Off","Off","Off","Off","Normal Encryption","Off","Off","Off","Off","251.1","1","Off","On","Off","Off","Off","Off","1","0","Off","0","0","0","0","0","0","0","0"
"99","INDIA","435.50000","435.50000","D-Digital","Low","12.5K","Off","Off","INDIA","Group Call","404","VU0AAA","Always","Carrier","Off","1","1","1","Off","1","2","None","None","Off","Off","Off","Off","Normal Encryption","Off","Off","Off","Off","251.1","1","Off","On","Off","Off","Off","Off","1","0","Off","0","0","0","0","0","0","0","0"
"100","EMCOM INDIA","435.50000","435.50000","D-Digital","Low","12.5K","Off","Off","EMCOM INDIA","Group Call","404112","VU0AAA","Always","Carrier","Off","1","1","1","Off","1","2","None","None","Off","Off","Off","Off","Normal Encryption","Off","Off","Off","Off","251.1","1","Off","On","Off","Off","Off","Off","1","0","Off","0","0","0","0","0","0","0","0"
"101","Kerala","435.50000","435.50000","D-Digital","Low","12.5K","Off","Off","Kerala","Group Call","40407","VU0AAA","Always","Carrier","Off","1","1","1","Off","1","2","None","None","Off","Off","Off","Off","Normal Encryption","Off","Off","Off","Off","251.1","1","Off","On","Off","Off","Off","Off","1","0","Off","0","0","0","0","0","0","0","0"
"102","New Delhi","435.50000","435.50000","D-Digital","Low","12.5K","Off","Off","New Delhi","Group Call","40430","VU0AAA","Always","Carrier","Off","1","1","1","Off","1","2","None","None","Off","Off","Off","Off","Normal Encryption","Off","Off","Off","Off","251.1","1","Off","On","Off","Off","Off","Off","1","0","Off","0","0","0","0","0","0","0","0"
"103","Hyderabad","435.50000","435.50000","D-Digital","Low","12.5K","Off","Off","Hyderabad","Group Call","40450","VU0AAA","Always","Carrier","Off","1","1","1","Off","1","2","None","None","Off","Off","Off","Off","Normal Encryption","Off","Off","Off","Off","251.1","1","Off","On","Off","Off","Off","Off","1","0","Off","0","0","0","0","0","0","0","0"
"104","Visakhapatnam","435.50000","435.50000","D-Digital","Low","12.5K","Off","Off","Visakhapatnam","Group Call","40470","VU0AAA","Always","Carrier","Off","1","1","1","Off","1","2","None","None","Off","Off","Off","Off","Normal Encryption","Off","Off","Off","Off","251.1","1","Off","On","Off","Off","Off","Off","1","0","Off","0","0","0","0","0","0","0","0"
"105","Bangalore","435.50000","435.50000","D-Digital","Low","12.5K","Off","Off","Bangalore","Group Call","40480","VU0AAA","Always","Carrier","Off","1","1","1","Off","1","2","None","None","Off","Off","Off","Off","Normal Encryption","Off","Off","Off","Off","251.1","1","Off","On","Off","Off","Off","Off","1","0","Off","0","0","0","0","0","0","0","0"
"106","Peanut YSF INDIA","435.50000","435.50000","D-Digital","Low","12.5K","Off","Off","Peanut YSF INDIA","Group Call","404004","VU0AAA","Always","Carrier","Off","1","1","1","Off","1","2","None","None","Off","Off","Off","Off","Normal Encryption","Off","Off","Off","Off","251.1","1","Off","On","Off","Off","Off","Off","1","0","Off","0","0","0","0","0","0","0","0"
"107","YSF INDIA","435.50000","435.50000","D-Digital","Low","12.5K","Off","Off","YSF INDIA","Group Call","7008338","VU0AAA","Always","Carrier","Off","1","1","1","Off","1","2","None","None","Off","Off","Off","Off","Normal Encryption","Off","Off","Off","Off","251.1","1","Off","On","Off","Off","Off","Off","1","0","Off","0","0","0","0","0","0","0","0"
"108","Parrot EchoTest","435.50000","435.50000","D-Digital","Low","12.5K","Off","Off","Parrot EchoTest","Private Call","9990","VU0AAA","Always","Carrier","Off","1","1","1","Off","1","2","None","None","Off","Off","Off","Off","Normal Encryption","Off","Off","Off","Off","251.1","1","Off","On","Off","Off","Off","Off","1","0","Off","0","0","0","0","0","0","0","0"
"109","W-W Maritime","435.50000","435.50000","D-Digital","Low","12.5K","Off","Off","WW-Marinetime","Group Call","9101","VU0AAA","Always","Carrier","Off","1","1","1","Off","1","2","None","None","Off","Off","Off","Off","Normal Encryption","Off","Off","Off","Off","251.1","1","Off","On","Off","Off","Off","Off","1","0","Off","0","0","0","0","0","0","0","0"
"110","W-W Avation","435.50000","435.50000","D-Digital","Low","12.5K","Off","Off","WW-Avation","Group Call","9102","VU0AAA","Always","Carrier","Off","1","1","1","Off","1","2","None","None","Off","Off","Off","Off","Normal Encryption","Off","Off","Off","Off","251.1","1","Off","On","Off","Off","Off","Off","1","0","Off","0","0","0","0","0","0","0","0"
"111","Reddit","435.50000","435.50000","D-Digital","Low","12.5K","Off","Off","Reddit","Group Call","98003","VU0AAA","Always","Carrier","Off","1","1","1","Off","1","2","None","None","Off","Off","Off","Off","Normal Encryption","Off","Off","Off","Off","251.1","1","Off","On","Off","Off","Off","Off","1","0","Off","0","0","0","0","0","0","0","0"
"112","AMSAT","435.50000","435.50000","D-Digital","Low","12.5K","Off","Off","AMSAT","Group Call","98006","VU0AAA","Always","Carrier","Off","1","1","1","Off","1","2","None","None","Off","Off","Off","Off","Normal Encryption","Off","Off","Off","Off","251.1","1","Off","On","Off","Off","Off","Off","1","0","Off","0","0","0","0","0","0","0","0"
"113","World-wide","435.50000","435.50000","D-Digital","Low","12.5K","Off","Off","World-wide","Group Call","91","VU0AAA","Always","Carrier","Off","1","1","1","Off","1","2","None","None","Off","Off","Off","Off","Normal Encryption","Off","Off","Off","Off","251.1","1","Off","On","Off","Off","Off","Off","1","0","Off","0","0","0","0","0","0","0","0"
"114","Europe","435.50000","435.50000","D-Digital","Low","12.5K","Off","Off","Europe","Group Call","92","VU0AAA","Always","Carrier","Off","1","1","1","Off","1","2","None","None","Off","Off","Off","Off","Normal Encryption","Off","Off","Off","Off","251.1","1","Off","On","Off","Off","Off","Off","1","0","Off","0","0","0","0","0","0","0","0"
"115","North America","435.50000","435.50000","D-Digital","Low","12.5K","Off","Off","North America","Group Call","93","VU0AAA","Always","Carrier","Off","1","1","1","Off","1","2","None","None","Off","Off","Off","Off","Normal Encryption","Off","Off","Off","Off","251.1","1","Off","On","Off","Off","Off","Off","1","0","Off","0","0","0","0","0","0","0","0"
"116","Asia, M East","435.50000","435.50000","D-Digital","Low","12.5K","Off","Off","Asia,Meast","Group Call","94","VU0AAA","Always","Carrier","Off","1","1","1","Off","1","2","None","None","Off","Off","Off","Off","Normal Encryption","Off","Off","Off","Off","251.1","1","Off","On","Off","Off","Off","Off","1","0","Off","0","0","0","0","0","0","0","0"
"117","Australia,NewZ","435.50000","435.50000","D-Digital","Low","12.5K","Off","Off","Australia,NewZ","Group Call","95","VU0AAA","Always","Carrier","Off","1","1","1","Off","1","2","None","None","Off","Off","Off","Off","Normal Encryption","Off","Off","Off","Off","251.1","1","Off","On","Off","Off","On","Off","1","0","Off","0","0","0","0","0","0","0","0"
"118","Radio Test","435.50000","435.50000","D-Digital","Low","12.5K","Off","Off","Radio Test","Group Call","98","VU0AAA","Always","Carrier","Off","1","1","1","Off","1","2","None","None","Off","Off","Off","Off","Normal Encryption","Off","Off","Off","Off","251.1","1","Off","On","Off","Off","Off","Off","1","0","Off","0","0","0","0","0","0","0","0"
"119","WW Tac 1","435.50000","435.50000","D-Digital","Low","12.5K","Off","Off","WW Tac 1","Group Call","901","VU0AAA","Always","Carrier","Off","1","1","1","Off","1","2","None","None","Off","Off","Off","Off","Normal Encryption","Off","Off","Off","Off","251.1","1","Off","On","Off","Off","Off","Off","1","0","Off","0","0","0","0","0","0","0","0"
"120","WW Tac 2","435.50000","435.50000","D-Digital","Low","12.5K","Off","Off","WW Tac 2","Group Call","902","VU0AAA","Always","Carrier","Off","1","1","1","Off","1","2","None","None","Off","Off","Off","Off","Normal Encryption","Off","Off","Off","Off","251.1","1","Off","On","Off","Off","Off","Off","1","0","Off","0","0","0","0","0","0","0","0"
"121","WW Tac 3","435.50000","435.50000","D-Digital","Low","12.5K","Off","Off","WW Tac 3","Group Call","903","VU0AAA","Always","Carrier","Off","1","1","1","Off","1","2","None","None","Off","Off","Off","Off","Normal Encryption","Off","Off","Off","Off","251.1","1","Off","On","Off","Off","Off","Off","1","0","Off","0","0","0","0","0","0","0","0"
"122","JOTA","435.50000","435.50000","D-Digital","Low","12.5K","Off","Off","JOTA","Group Call","907","VU0AAA","Always","Carrier","Off","1","1","1","Off","1","2","None","None","Off","Off","Off","Off","Normal Encryption","Off","Off","Off","Off","251.1","1","Off","On","Off","Off","Off","Off","1","0","Off","0","0","0","0","0","0","0","0"
"123","German","435.50000","435.50000","D-Digital","Low","12.5K","Off","Off","German","Group Call","910","VU0AAA","Always","Carrier","Off","1","1","1","Off","1","2","None","None","Off","Off","Off","Off","Normal Encryption","Off","Off","Off","Off","251.1","1","Off","On","Off","Off","Off","Off","1","0","Off","0","0","0","0","0","0","0","0"
"124","English","435.50000","435.50000","D-Digital","Low","12.5K","Off","Off","English","Group Call","913","VU0AAA","Always","Carrier","Off","1","1","1","Off","1","2","None","None","Off","Off","Off","Off","Normal Encryption","Off","Off","Off","Off","251.1","1","Off","On","Off","Off","Off","Off","1","0","Off","0","0","0","0","0","0","0","0"
"125","Spanish","435.50000","435.50000","D-Digital","Low","12.5K","Off","Off","Spanish","Group Call","914","VU0AAA","Always","Carrier","Off","1","1","1","Off","1","2","None","None","Off","Off","Off","Off","Normal Encryption","Off","Off","Off","Off","251.1","1","Off","On","Off","Off","Off","Off","1","0","Off","0","0","0","0","0","0","0","0"
"126","Portuguese","435.50000","435.50000","D-Digital","Low","12.5K","Off","Off","Portuguese","Group Call","915","VU0AAA","Always","Carrier","Off","1","1","1","Off","1","2","None","None","Off","Off","Off","Off","Normal Encryption","Off","Off","Off","Off","251.1","1","Off","On","Off","Off","Off","Off","1","0","Off","0","0","0","0","0","0","0","0"
"127","Italian","435.50000","435.50000","D-Digital","Low","12.5K","Off","Off","Italian","Group Call","916","VU0AAA","Always","Carrier","Off","1","1","1","Off","1","2","None","None","Off","Off","Off","Off","Normal Encryption","Off","Off","Off","Off","251.1","1","Off","On","Off","Off","Off","Off","1","0","Off","0","0","0","0","0","0","0","0"
"128","YOTA","435.50000","435.50000","D-Digital","Low","12.5K","Off","Off","YOTA","Group Call","918","VU0AAA","Always","Carrier","Off","1","1","1","Off","1","2","None","None","Off","Off","Off","Off","Normal Encryption","Off","Off","Off","Off","251.1","1","Off","On","Off","Off","Off","Off","1","0","Off","0","0","0","0","0","0","0","0"
"129","DL, OE, HB9","435.50000","435.50000","D-Digital","Low","12.5K","Off","Off","DL, OE, HB9","Group Call","920","VU0AAA","Always","Carrier","Off","1","1","1","Off","1","2","None","None","Off","Off","Off","Off","Normal Encryption","Off","Off","Off","Off","251.1","1","Off","On","Off","Off","Off","Off","1","0","Off","0","0","0","0","0","0","0","0"
"130","Dutch","435.50000","435.50000","D-Digital","Low","12.5K","Off","Off","Dutch","Group Call","922","VU0AAA","Always","Carrier","Off","1","1","1","Off","1","2","None","None","Off","Off","Off","Off","Normal Encryption","Off","Off","Off","Off","251.1","1","Off","On","Off","Off","Off","Off","1","0","Off","0","0","0","0","0","0","0","0"
"131","European English","435.50000","435.50000","D-Digital","Low","12.5K","Off","Off","European English","Group Call","923","VU0AAA","Always","Carrier","Off","1","1","1","Off","1","2","None","None","Off","Off","Off","Off","Normal Encryption","Off","Off","Off","Off","251.1","1","Off","On","Off","Off","Off","Off","1","0","Off","0","0","0","0","0","0","0","0"
"132","Swedish","435.50000","435.50000","D-Digital","Low","12.5K","Off","Off","Swedish","Group Call","924","VU0AAA","Always","Carrier","Off","1","1","1","Off","1","2","None","None","Off","Off","Off","Off","Normal Encryption","Off","Off","Off","Off","251.1","1","Off","On","Off","Off","Off","Off","1","0","Off","0","0","0","0","0","0","0","0"
"133","Nordic","435.50000","435.50000","D-Digital","Low","12.5K","Off","Off","Nordic","Group Call","927","VU0AAA","Always","Carrier","Off","1","1","1","Off","1","2","None","None","Off","Off","Off","Off","Normal Encryption","Off","Off","Off","Off","251.1","1","Off","On","Off","Off","Off","Off","1","0","Off","0","0","0","0","0","0","0","0"
"134","PanHellenic Chat","435.50000","435.50000","D-Digital","Low","12.5K","Off","Off","PanHellenic Chat","Group Call","930","VU0AAA","Always","Carrier","Off","1","1","1","Off","1","2","None","None","Off","Off","Off","Off","Normal Encryption","Off","Off","Off","Off","251.1","1","Off","On","Off","Off","Off","Off","1","0","Off","0","0","0","0","0","0","0","0"
"135","Francophonie","435.50000","435.50000","D-Digital","Low","12.5K","Off","Off","Francophonie","Group Call","937","VU0AAA","Always","Carrier","Off","1","1","1","Off","1","2","None","None","Off","Off","Off","Off","Normal Encryption","Off","Off","Off","Off","251.1","1","Off","On","Off","Off","Off","Off","1","0","Off","0","0","0","0","0","0","0","0"
"136","Arabic","435.50000","435.50000","D-Digital","Low","12.5K","Off","Off","Arabic","Group Call","940","VU0AAA","Always","Carrier","Off","1","1","1","Off","1","2","None","None","Off","Off","Off","Off","Normal Encryption","Off","Off","Off","Off","251.1","1","Off","On","Off","Off","Off","Off","1","0","Off","0","0","0","0","0","0","0","0"
"137","WWYL","435.50000","435.50000","D-Digital","Low","12.5K","Off","Off","WWYL","Group Call","955","VU0AAA","Always","Carrier","Off","1","1","1","Off","1","2","None","None","Off","Off","Off","Off","Normal Encryption","Off","Off","Off","Off","251.1","1","Off","On","Off","Off","Off","Off","1","0","Off","0","0","0","0","0","0","0","0"
"138","DMR-Caribbean","435.50000","435.50000","D-Digital","Low","12.5K","Off","Off","DMR-Caribbean","Group Call","969","VU0AAA","Always","Carrier","Off","1","1","1","Off","1","2","None","None","Off","Off","Off","Off","Normal Encryption","Off","Off","Off","Off","251.1","1","Off","On","Off","Off","Off","Off","1","0","Off","0","0","0","0","0","0","0","0"
"139","Basque","435.50000","435.50000","D-Digital","Low","12.5K","Off","Off","Basque","Group Call","971","VU0AAA","Always","Carrier","Off","1","1","1","Off","1","2","None","None","Off","Off","Off","Off","Normal Encryption","Off","Off","Off","Off","251.1","1","Off","On","Off","Off","Off","Off","1","0","Off","0","0","0","0","0","0","0","0"
"140","SOTA","435.50000","435.50000","D-Digital","Low","12.5K","Off","Off","SOTA","Group Call","973","VU0AAA","Always","Carrier","Off","1","1","1","Off","1","2","None","None","Off","Off","Off","Off","Normal Encryption","Off","Off","Off","Off","251.1","1","Off","On","Off","Off","Off","Off","1","0","Off","0","0","0","0","0","0","0","0"
"141","JOTA Tac 1","435.50000","435.50000","D-Digital","Low","12.5K","Off","Off","JOTA Tac 1","Group Call","9071","VU0AAA","Always","Carrier","Off","1","1","1","Off","1","2","None","None","Off","Off","Off","Off","Normal Encryption","Off","Off","Off","Off","251.1","1","Off","On","Off","Off","Off","Off","1","0","Off","0","0","0","0","0","0","0","0"
"142","JOTA Tac 2","435.50000","435.50000","D-Digital","Low","12.5K","Off","Off","JOTA Tac 2","Group Call","9072","VU0AAA","Always","Carrier","Off","1","1","1","Off","1","2","None","None","Off","Off","Off","Off","Normal Encryption","Off","Off","Off","Off","251.1","1","Off","On","Off","Off","Off","Off","1","0","Off","0","0","0","0","0","0","0","0"
"143","JOTA Tac 3","435.50000","435.50000","D-Digital","Low","12.5K","Off","Off","JOTA Tac 3","Group Call","9073","VU0AAA","Always","Carrier","Off","1","1","1","Off","1","2","None","None","Off","Off","Off","Off","Normal Encryption","Off","Off","Off","Off","251.1","1","Off","On","Off","Off","Off","Off","1","0","Off","0","0","0","0","0","0","0","0"
"144","JOTA Tac 4","435.50000","435.50000","D-Digital","Low","12.5K","Off","Off","JOTA Tac 4","Group Call","9074","VU0AAA","Always","Carrier","Off","1","1","1","Off","1","2","None","None","Off","Off","Off","Off","Normal Encryption","Off","Off","Off","Off","251.1","1","Off","On","Off","Off","Off","Off","1","0","Off","0","0","0","0","0","0","0","0"
"145","JOTA Tac 5","435.50000","435.50000","D-Digital","Low","12.5K","Off","Off","JOTA Tac 5","Group Call","9075","VU0AAA","Always","Carrier","Off","1","1","1","Off","1","2","None","None","Off","Off","Off","Off","Normal Encryption","Off","Off","Off","Off","251.1","1","Off","On","Off","Off","Off","Off","1","0","Off","0","0","0","0","0","0","0","0"
"146","JOTA Tac 6","435.50000","435.50000","D-Digital","Low","12.5K","Off","Off","JOTA Tac 6","Group Call","9076","VU0AAA","Always","Carrier","Off","1","1","1","Off","1","2","None","None","Off","Off","Off","Off","Normal Encryption","Off","Off","Off","Off","251.1","1","Off","On","Off","Off","Off","Off","1","0","Off","0","0","0","0","0","0","0","0"
"147","JOTA Tac 7","435.50000","435.50000","D-Digital","Low","12.5K","Off","Off","JOTA Tac 7","Group Call","9077","VU0AAA","Always","Carrier","Off","1","1","1","Off","1","2","None","None","Off","Off","Off","Off","Normal Encryption","Off","Off","Off","Off","251.1","1","Off","On","Off","Off","Off","Off","1","0","Off","0","0","0","0","0","0","0","0"
"148","JOTA Tac 8","435.50000","435.50000","D-Digital","Low","12.5K","Off","Off","JOTA Tac 8","Group Call","9078","VU0AAA","Always","Carrier","Off","1","1","1","Off","1","2","None","None","Off","Off","Off","Off","Normal Encryption","Off","Off","Off","Off","251.1","1","Off","On","Off","Off","Off","Off","1","0","Off","0","0","0","0","0","0","0","0"
"149","XRF007 B","435.50000","435.50000","D-Digital","Low","12.5K","Off","Off","XRF007 B","Group Call","9107","VU0AAA","Always","Carrier","Off","1","1","1","Off","1","2","None","None","Off","Off","Off","Off","Normal Encryption","Off","Off","Off","Off","251.1","1","Off","On","Off","Off","Off","Off","1","0","Off","0","0","0","0","0","0","0","0"
"150","Emcom EU","435.50000","435.50000","D-Digital","Low","12.5K","Off","Off","Emcom EU","Group Call","9112","VU0AAA","Always","Carrier","Off","1","1","1","Off","1","2","None","None","Off","Off","Off","Off","Normal Encryption","Off","Off","Off","Off","251.1","1","Off","On","Off","Off","Off","Off","1","0","Off","0","0","0","0","0","0","0","0"
"151","EURAO","435.50000","435.50000","D-Digital","Low","12.5K","Off","Off","EURAO","Group Call","9201","VU0AAA","Always","Carrier","Off","1","1","1","Off","1","2","None","None","Off","Off","Off","Off","Normal Encryption","Off","Off","Off","Off","251.1","1","Off","On","Off","Off","Off","Off","1","0","Off","0","0","0","0","0","0","0","0"
"152","Francophonie C4F","435.50000","435.50000","D-Digital","Low","12.5K","Off","Off","All CALL","All Call","16777215","VU0AAA","Always","Carrier","Off","1","1","1","Off","1","2","None","None","Off","Off","Off","Off","Normal Encryption","Off","Off","Off","Off","251.1","1","Off","On","Off","Off","Off","Off","1","0","Off","0","0","0","0","0","0","0","0"
"153","ATV Talk","435.50000","435.50000","D-Digital","Low","12.5K","Off","Off","ATV Talk","Group Call","9410","VU0AAA","Always","Carrier","Off","1","1","1","Off","1","2","None","None","Off","Off","Off","Off","Normal Encryption","Off","Off","Off","Off","251.1","1","Off","On","Off","Off","Off","Off","1","0","Off","0","0","0","0","0","0","0","0"
"154","ICQ Podcast","435.50000","435.50000","D-Digital","Low","12.5K","Off","Off","ICQ Podcast","Group Call","9480","VU0AAA","Always","Carrier","Off","1","1","1","Off","1","2","None","None","Off","Off","Off","Off","Normal Encryption","Off","Off","Off","Off","251.1","1","Off","On","Off","Off","Off","Off","1","0","Off","0","0","0","0","0","0","0","0"
"155","Collegiate","435.50000","435.50000","D-Digital","Low","12.5K","Off","Off","Collegiate","Group Call","9500","VU0AAA","Always","Carrier","Off","1","1","1","Off","1","2","None","None","Off","Off","Off","Off","Normal Encryption","Off","Off","Off","Off","251.1","1","Off","On","Off","Off","Off","Off","1","0","Off","0","0","0","0","0","0","0","0"
"156","Cafe Gratis","435.50000","435.50000","D-Digital","Low","12.5K","Off","Off","Cafe Gratis","Group Call","9800","VU0AAA","Always","Carrier","Off","1","1","1","Off","1","2","None","None","Off","Off","Off","Off","Normal Encryption","Off","Off","Off","Off","251.1","1","Off","On","Off","Off","Off","Off","1","0","Off","0","0","0","0","0","0","0","0"
"157","Emcom US","435.50000","435.50000","D-Digital","Low","12.5K","Off","Off","Emcom US","Group Call","9911","VU0AAA","Always","Carrier","Off","1","1","1","Off","1","2","None","None","Off","Off","Off","Off","Normal Encryption","Off","Off","Off","Off","251.1","1","Off","On","Off","Off","Off","Off","1","0","Off","0","0","0","0","0","0","0","0"
"158","Marines RNLMC","435.50000","435.50000","D-Digital","Low","12.5K","Off","Off","Marines RNLMC","Group Call","91665","VU0AAA","Always","Carrier","Off","1","1","1","Off","1","2","None","None","Off","Off","Off","Off","Normal Encryption","Off","Off","Off","Off","251.1","1","Off","On","Off","Off","Off","Off","1","0","Off","0","0","0","0","0","0","0","0"
"159","Global NorCal 51","435.50000","435.50000","D-Digital","Low","12.5K","Off","Off","Global NorCal 51","Group Call","95150","VU0AAA","Always","Carrier","Off","1","1","1","Off","1","2","None","None","Off","Off","Off","Off","Normal Encryption","Off","Off","Off","Off","251.1","1","Off","On","Off","Off","Off","Off","1","0","Off","0","0","0","0","0","0","0","0"
"160","Red Americas EM","435.50000","435.50000","D-Digital","Low","12.5K","Off","Off","Red Americas EM","Group Call","97911","VU0AAA","Always","Carrier","Off","1","1","1","Off","1","2","None","None","Off","Off","Off","Off","Normal Encryption","Off","Off","Off","Off","251.1","1","Off","On","Off","Off","Off","Off","1","0","Off","0","0","0","0","0","0","0","0"
"161","Military Veteran","435.50000","435.50000","D-Digital","Low","12.5K","Off","Off","Military Veteran","Group Call","98008","VU0AAA","Always","Carrier","Off","1","1","1","Off","1","2","None","None","Off","Off","Off","Off","Normal Encryption","Off","Off","Off","Off","251.1","1","Off","On","Off","Off","Off","Off","1","0","Off","0","0","0","0","0","0","0","0"
"162","LBGTQ","435.50000","435.50000","D-Digital","Low","12.5K","Off","Off","LBGTQ","Group Call","98012","VU0AAA","Always","Carrier","Off","1","1","1","Off","1","2","None","None","Off","Off","Off","Off","Normal Encryption","Off","Off","Off","Off","251.1","1","Off","On","Off","Off","Off","Off","1","0","Off","0","0","0","0","0","0","0","0"
"163","WVNET","435.50000","435.50000","D-Digital","Low","12.5K","Off","Off","WVNET","Group Call","98638","VU0AAA","Always","Carrier","Off","1","1","1","Off","1","2","None","None","Off","Off","Off","Off","Normal Encryption","Off","Off","Off","Off","251.1","1","Off","On","Off","Off","Off","Off","1","0","Off","0","0","0","0","0","0","0","0"
"164","UAE","435.50000","435.50000","D-Digital","Low","12.5K","Off","Off","UAE","Group Call","430","VU0AAA","Always","Carrier","Off","1","1","1","Off","1","2","None","None","Off","Off","Off","Off","Normal Encryption","Off","Off","Off","Off","251.1","1","Off","On","Off","Off","Off","Off","1","0","Off","0","0","0","0","0","0","0","0"
"165","Argentina","435.50000","435.50000","D-Digital","Low","12.5K","Off","Off","Argentina","Group Call","722","VU0AAA","Always","Carrier","Off","1","1","1","Off","1","2","None","None","Off","Off","Off","Off","Normal Encryption","Off","Off","Off","Off","251.1","1","Off","On","Off","Off","Off","Off","1","0","Off","0","0","0","0","0","0","0","0"
"166","Austria","435.50000","435.50000","D-Digital","Low","12.5K","Off","Off","Austria","Group Call","232","VU0AAA","Always","Carrier","Off","1","1","1","Off","1","2","None","None","Off","Off","Off","Off","Normal Encryption","Off","Off","Off","Off","251.1","1","Off","On","Off","Off","Off","Off","1","0","Off","0","0","0","0","0","0","0","0"
"167","Australia AUS","435.50000","435.50000","D-Digital","Low","12.5K","Off","Off","Australia AUS","Group Call","505","VU0AAA","Always","Carrier","Off","1","1","1","Off","1","2","None","None","Off","Off","Off","Off","Normal Encryption","Off","Off","Off","Off","251.1","1","Off","On","Off","Off","Off","Off","1","0","Off","0","0","0","0","0","0","0","0"
"168","AUS Capital","435.50000","435.50000","D-Digital","Low","12.5K","Off","Off","AUS Capital","Group Call","5051","VU0AAA","Always","Carrier","Off","1","1","1","Off","1","2","None","None","Off","Off","Off","Off","Normal Encryption","Off","Off","Off","Off","251.1","1","Off","On","Off","Off","Off","Off","1","0","Off","0","0","0","0","0","0","0","0"
"169","AUS New Soouth","435.50000","435.50000","D-Digital","Low","12.5K","Off","Off","AUS new south","Group Call","5052","VU0AAA","Always","Carrier","Off","1","1","1","Off","1","2","None","None","Off","Off","Off","Off","Normal Encryption","Off","Off","Off","Off","251.1","1","Off","On","Off","Off","Off","Off","1","0","Off","0","0","0","0","0","0","0","0"
"170","AUS Victor","435.50000","435.50000","D-Digital","Low","12.5K","Off","Off","AUS Victor","Group Call","5053","VU0AAA","Always","Carrier","Off","1","1","1","Off","1","2","None","None","Off","Off","Off","Off","Normal Encryption","Off","Off","Off","Off","251.1","1","Off","On","Off","Off","Off","Off","1","0","Off","0","0","0","0","0","0","0","0"
"171","AUS Queens","435.50000","435.50000","D-Digital","Low","12.5K","Off","Off","AUS Queens","Group Call","5054","VU0AAA","Always","Carrier","Off","1","1","1","Off","1","2","None","None","Off","Off","Off","Off","Normal Encryption","Off","Off","Off","Off","251.1","1","Off","On","Off","Off","Off","Off","1","0","Off","0","0","0","0","0","0","0","0"
"172","South AUS","435.50000","435.50000","D-Digital","Low","12.5K","Off","Off","South AUS","Group Call","5055","VU0AAA","Always","Carrier","Off","1","1","1","Off","1","2","None","None","Off","Off","Off","Off","Normal Encryption","Off","Off","Off","Off","251.1","1","Off","On","Off","Off","Off","Off","1","0","Off","0","0","0","0","0","0","0","0"
"173","Western AUS","435.50000","435.50000","D-Digital","Low","12.5K","Off","Off","West AUS","Group Call","5056","VU0AAA","Always","Carrier","Off","1","1","1","Off","1","2","None","None","Off","Off","Off","Off","Normal Encryption","Off","Off","Off","Off","251.1","1","Off","On","Off","Off","Off","Off","1","0","Off","0","0","0","0","0","0","0","0"
"174","Tasmania","435.50000","435.50000","D-Digital","Low","12.5K","Off","Off","Tasmania","Group Call","5057","VU0AAA","Always","Carrier","Off","1","1","1","Off","1","2","None","None","Off","Off","Off","Off","Normal Encryption","Off","Off","Off","Off","251.1","1","Off","On","Off","Off","Off","Off","1","0","Off","0","0","0","0","0","0","0","0"
"175","Australia Northe","435.50000","435.50000","D-Digital","Low","12.5K","Off","Off","Australia North","Group Call","5058","VU0AAA","Always","Carrier","Off","1","1","1","Off","1","2","None","None","Off","Off","Off","Off","Normal Encryption","Off","Off","Off","Off","251.1","1","Off","On","Off","Off","Off","Off","1","0","Off","0","0","0","0","0","0","0","0"
"176","Bangladesh","435.50000","435.50000","D-Digital","Low","12.5K","Off","Off","Bangladesh","Group Call","470","VU0AAA","Always","Carrier","Off","1","1","1","Off","1","2","None","None","Off","Off","Off","Off","Normal Encryption","Off","Off","Off","Off","251.1","1","Off","On","Off","Off","Off","Off","1","0","Off","0","0","0","0","0","0","0","0"
"177","Belgium","435.50000","435.50000","D-Digital","Low","12.5K","Off","Off","Belgium","Group Call","206","VU0AAA","Always","Carrier","Off","1","1","1","Off","1","2","None","None","Off","Off","Off","Off","Normal Encryption","Off","Off","Off","Off","251.1","1","Off","On","Off","Off","Off","Off","1","0","Off","0","0","0","0","0","0","0","0"
"178","Bulgaria","435.50000","435.50000","D-Digital","Low","12.5K","Off","Off","Bulgaria","Group Call","284","VU0AAA","Always","Carrier","Off","1","1","1","Off","1","2","None","None","Off","Off","Off","Off","Normal Encryption","Off","Off","Off","Off","251.1","1","Off","On","Off","Off","Off","Off","1","0","Off","0","0","0","0","0","0","0","0"
"179","Brazil Nacional","435.50000","435.50000","D-Digital","Low","12.5K","Off","Off","Brazil Nacional","Group Call","724","VU0AAA","Always","Carrier","Off","1","1","1","Off","1","2","None","None","Off","Off","Off","Off","Normal Encryption","Off","Off","Off","Off","251.1","1","Off","On","Off","Off","Off","Off","1","0","Off","0","0","0","0","0","0","0","0"
"180","Canada Wide","435.50000","435.50000","D-Digital","Low","12.5K","Off","Off","Canada Wide","Group Call","302","VU0AAA","Always","Carrier","Off","1","1","1","Off","1","2","None","None","Off","Off","Off","Off","Normal Encryption","Off","Off","Off","Off","251.1","1","Off","On","Off","Off","Off","Off","1","0","Off","0","0","0","0","0","0","0","0"
"181","Switzerland","435.50000","435.50000","D-Digital","Low","12.5K","Off","Off","Switzerland","Group Call","228","VU0AAA","Always","Carrier","Off","1","1","1","Off","1","2","None","None","Off","Off","Off","Off","Normal Encryption","Off","Off","Off","Off","251.1","1","Off","On","Off","Off","Off","Off","1","0","Off","0","0","0","0","0","0","0","0"
"182","China","435.50000","435.50000","D-Digital","Low","12.5K","Off","Off","China","Group Call","460","VU0AAA","Always","Carrier","Off","1","1","1","Off","1","2","None","None","Off","Off","Off","Off","Normal Encryption","Off","Off","Off","Off","251.1","1","Off","On","Off","Off","Off","Off","1","0","Off","0","0","0","0","0","0","0","0"
"183","United Kingdom","435.50000","435.50000","D-Digital","Low","12.5K","Off","Off","United Kingdom","Group Call","2350","VU0AAA","Always","Carrier","Off","1","1","1","Off","1","2","None","None","Off","Off","Off","Off","Normal Encryption","Off","Off","Off","Off","251.1","1","Off","On","Off","Off","Off","Off","1","0","Off","0","0","0","0","0","0","0","0"
"184","Ireland","435.50000","435.50000","D-Digital","Low","12.5K","Off","Off","Ireland","Group Call","2354","VU0AAA","Always","Carrier","Off","1","1","1","Off","1","2","None","None","Off","Off","Off","Off","Normal Encryption","Off","Off","Off","Off","251.1","1","Off","On","Off","Off","Off","Off","1","0","Off","0","0","0","0","0","0","0","0"
"185","Scotland","435.50000","435.50000","D-Digital","Low","12.5K","Off","Off","Scotland","Group Call","2355","VU0AAA","Always","Carrier","Off","1","1","1","Off","1","2","None","None","Off","Off","Off","Off","Normal Encryption","Off","Off","Off","Off","251.1","1","Off","On","Off","Off","Off","Off","1","0","Off","0","0","0","0","0","0","0","0"
"186","London","435.50000","435.50000","D-Digital","Low","12.5K","Off","Off","London","Group Call","2358","VU0AAA","Always","Carrier","Off","1","1","1","Off","1","2","None","None","Off","Off","Off","Off","Normal Encryption","Off","Off","Off","Off","251.1","1","Off","On","Off","Off","Off","Off","1","0","Off","0","0","0","0","0","0","0","0"
"187","Hong Kong","435.50000","435.50000","D-Digital","Low","12.5K","Off","Off","Hong Kong","Group Call","454","VU0AAA","Always","Carrier","Off","1","1","1","Off","1","2","None","None","Off","Off","Off","Off","Normal Encryption","Off","Off","Off","Off","251.1","1","Off","On","Off","Off","Off","Off","1","0","Off","0","0","0","0","0","0","0","0"
"188","Hungary","435.50000","435.50000","D-Digital","Low","12.5K","Off","Off","Hungary","Group Call","216","VU0AAA","Always","Carrier","Off","1","1","1","Off","1","2","None","None","Off","Off","Off","Off","Normal Encryption","Off","Off","Off","Off","251.1","1","Off","On","Off","Off","Off","Off","1","0","Off","0","0","0","0","0","0","0","0"
"189","Indonesia","435.50000","435.50000","D-Digital","Low","12.5K","Off","Off","Indonesia","Group Call","510","VU0AAA","Always","Carrier","Off","1","1","1","Off","1","2","None","None","Off","Off","Off","Off","Normal Encryption","Off","Off","Off","Off","251.1","1","Off","On","Off","Off","Off","Off","1","0","Off","0","0","0","0","0","0","0","0"
"190","Israel","435.50000","435.50000","D-Digital","Low","12.5K","Off","Off","Israel","Group Call","425","VU0AAA","Always","Carrier","Off","1","1","1","Off","1","2","None","None","Off","Off","Off","Off","Normal Encryption","Off","Off","Off","Off","251.1","1","Off","On","Off","Off","Off","Off","1","0","Off","0","0","0","0","0","0","0","0"
"191","Italia","435.50000","435.50000","D-Digital","Low","12.5K","Off","Off","Italia","Group Call","222","VU0AAA","Always","Carrier","Off","1","1","1","Off","1","2","None","None","Off","Off","Off","Off","Normal Encryption","Off","Off","Off","Off","251.1","1","Off","On","Off","Off","Off","Off","1","0","Off","0","0","0","0","0","0","0","0"
"192","Malaysia Nationa","435.50000","435.50000","D-Digital","Low","12.5K","Off","Off","Malaysia Nation","Group Call","502","VU0AAA","Always","Carrier","Off","1","1","1","Off","1","2","None","None","Off","Off","Off","Off","Normal Encryption","Off","Off","Off","Off","251.1","1","Off","On","Off","Off","Off","Off","1","0","Off","0","0","0","0","0","0","0","0"
"193","Pakistan","435.50000","435.50000","D-Digital","Low","12.5K","Off","Off","Pakistan","Group Call","410","VU0AAA","Always","Carrier","Off","1","1","1","Off","1","2","None","None","Off","Off","Off","Off","Normal Encryption","Off","Off","Off","Off","251.1","1","Off","On","Off","Off","Off","Off","1","0","Off","0","0","0","0","0","0","0","0"
"194","Poland","435.50000","435.50000","D-Digital","Low","12.5K","Off","Off","Poland","Group Call","260","VU0AAA","Always","Carrier","Off","1","1","1","Off","1","2","None","None","Off","Off","Off","Off","Normal Encryption","Off","Off","Off","Off","251.1","1","Off","On","Off","Off","Off","Off","1","0","Off","0","0","0","0","0","0","0","0"
"195","Portugal","435.50000","435.50000","D-Digital","Low","12.5K","Off","Off","Portugal","Group Call","268","VU0AAA","Always","Carrier","Off","1","1","1","Off","1","2","None","None","Off","Off","Off","Off","Normal Encryption","Off","Off","Off","Off","251.1","1","Off","On","Off","Off","Off","Off","1","0","Off","0","0","0","0","0","0","0","0"
"196","Qatar","435.50000","435.50000","D-Digital","Low","12.5K","Off","Off","Qatar","Group Call","427","VU0AAA","Always","Carrier","Off","1","1","1","Off","1","2","None","None","Off","Off","Off","Off","Normal Encryption","Off","Off","Off","Off","251.1","1","Off","On","Off","Off","Off","Off","1","0","Off","0","0","0","0","0","0","0","0"
"197","Romania","435.50000","435.50000","D-Digital","Low","12.5K","Off","Off","Romania","Group Call","226","VU0AAA","Always","Carrier","Off","1","1","1","Off","1","2","None","None","Off","Off","Off","Off","Normal Encryption","Off","Off","Off","Off","251.1","1","Off","On","Off","Off","Off","Off","1","0","Off","0","0","0","0","0","0","0","0"
"198","Serbia","435.50000","435.50000","D-Digital","Low","12.5K","Off","Off","Serbia","Group Call","220","VU0AAA","Always","Carrier","Off","1","1","1","Off","1","2","None","None","Off","Off","Off","Off","Normal Encryption","Off","Off","Off","Off","251.1","1","Off","On","Off","Off","Off","Off","1","0","Off","0","0","0","0","0","0","0","0"
"199","Russia Global","435.50000","435.50000","D-Digital","Low","12.5K","Off","Off","Russia Global","Group Call","2501","VU0AAA","Always","Carrier","Off","1","1","1","Off","1","2","None","None","Off","Off","Off","Off","Normal Encryption","Off","Off","Off","Off","251.1","1","Off","On","Off","Off","Off","Off","1","0","Off","0","0","0","0","0","0","0","0"
"200","Saudi Arabia","435.50000","435.50000","D-Digital","Low","12.5K","Off","Off","Saudi Arabia","Group Call","420","VU0AAA","Always","Carrier","Off","1","1","1","Off","1","2","None","None","Off","Off","Off","Off","Normal Encryption","Off","Off","Off","Off","251.1","1","Off","On","Off","Off","Off","Off","1","0","Off","0","0","0","0","0","0","0","0"
"201","Sweden","435.50000","435.50000","D-Digital","Low","12.5K","Off","Off","Sweden","Group Call","240","VU0AAA","Always","Carrier","Off","1","1","1","Off","1","2","None","None","Off","Off","Off","Off","Normal Encryption","Off","Off","Off","Off","251.1","1","Off","On","Off","Off","Off","Off","1","0","Off","0","0","0","0","0","0","0","0"
"202","Singapore","435.50000","435.50000","D-Digital","Low","12.5K","Off","Off","Singapore","Group Call","525","VU0AAA","Always","Carrier","Off","1","1","1","Off","1","2","None","None","Off","Off","Off","Off","Normal Encryption","Off","Off","Off","Off","251.1","1","Off","On","Off","Off","Off","Off","1","0","Off","0","0","0","0","0","0","0","0"
"203","Thailand","435.50000","435.50000","D-Digital","Low","12.5K","Off","Off","Thailand","Group Call","520","VU0AAA","Always","Carrier","Off","1","1","1","Off","1","2","None","None","Off","Off","Off","Off","Normal Encryption","Off","Off","Off","Off","251.1","1","Off","On","Off","Off","Off","Off","1","0","Off","0","0","0","0","0","0","0","0"
"204","Turkey","435.50000","435.50000","D-Digital","Low","12.5K","Off","Off","Turkey","Group Call","286","VU0AAA","Always","Carrier","Off","1","1","1","Off","1","2","None","None","Off","Off","Off","Off","Normal Encryption","Off","Off","Off","Off","251.1","1","Off","On","Off","Off","Off","Off","1","0","Off","0","0","0","0","0","0","0","0"
"205","Ukraine","435.50000","435.50000","D-Digital","Low","12.5K","Off","Off","Ukraine","Group Call","255","VU0AAA","Always","Carrier","Off","1","1","1","Off","1","2","None","None","Off","Off","Off","Off","Normal Encryption","Off","Off","Off","Off","251.1","1","Off","On","Off","Off","Off","Off","1","0","Off","0","0","0","0","0","0","0","0"
"206","GPS & Weather","435.50000","435.50000","D-Digital","Low","12.5K","Off","Off","GPS and weather","Private Call","262993","VU0AAA","Always","Carrier","Off","1","1","1","Off","1","2","None","None","Off","Off","Off","Off","Normal Encryption","Off","Off","Off","Off","251.1","1","Off","On","Off","Off","Off","Off","1","0","Off","0","0","0","0","0","0","0","0"
"207","POCSAG","435.50000","435.50000","D-Digital","Low","12.5K","Off","Off","POCSAG RPTInfo","Private Call","262994","VU0AAA","Always","Carrier","Off","1","1","1","Off","1","2","None","None","Off","Off","Off","Off","Normal Encryption","Off","Off","Off","Off","251.1","1","Off","On","Off","Off","Off","Off","1","0","Off","0","0","0","0","0","0","0","0"
"208","SMSC","435.50000","435.50000","D-Digital","Low","12.5K","Off","Off","SMSC","Private Call","262995","VU0AAA","Always","Carrier","Off","1","1","1","Off","1","2","None","None","Off","Off","Off","Off","Normal Encryption","Off","Off","Off","Off","251.1","1","Off","On","Off","Off","Off","Off","1","0","Off","0","0","0","0","0","0","0","0"
"209","APRS","435.50000","435.50000","D-Digital","Low","12.5K","Off","Off","APRS","Private Call","310999","VU0AAA","Always","Carrier","Off","1","1","1","Off","1","2","None","None","Off","Off","Off","Off","Normal Encryption","Off","Off","Off","Off","251.1","1","Off","On","Off","Off","Off","Off","1","0","Off","0","0","0","0","0","0","0","0"
"210","Channel VFO A","145.77500","145.77500","A-Analog","Low","25K","Off","Off","All CALL","All Call","16777215","VU0AAA","Off","Carrier","Off","1","1","1","Off","1","2","None","None","Off","Off","Off","Off","Normal Encryption","Off","Off","Off","Off","131.8","1","Off","On","Off","Start Of Transmission","Off","Analog","1","0","Off","0","0","0","0","0","0","0","0"
"211","Channel VFO B","160.45000","160.45000","A-Analog","Low","25K","Off","Off","All CALL","All Call","16777215","VU0AAA","Off","Carrier","Off","1","1","1","Off","1","1","None","None","Off","Off","Off","Off","Normal Encryption","Off","Off","Off","Off","131.8","1","Off","On","Off","Start Of Transmission","Off","Analog","1","0","Off","0","0","0","0","0","0","0","0"
"4001","Channel VFO A","145.77500","145.77500","A-Analog","Low","25K","Off","Off","All CALL","All Call","16777215","VU0AAA","Off","Carrier","Off","1","1","1","Off","1","2","None","None","Off","Off","Off","Off","Normal Encryption","Off","Off","Off","Off","131.8","1","Off","On","Off","Start Of Transmission","Off","Analog","1","0","Off","0","0","0","0","0","0","0","0"
"4002","Channel VFO B","160.45000","160.45000","A-Analog","Low","25K","Off","Off","All CALL","All Call","16777215","VU0AAA","Off","Carrier","Off","1","1","1","Off","1","1","None","None","Off","Off","Off","Off","Normal Encryption","Off","Off","Off","Off","131.8","1","Off","On","Off","Start Of Transmission","Off","Analog","1","0","Off","0","0","0","0","0","0","0","0"
